,Model,MAE,MAPE,R2,MSE
0,Base Model,0.021,10200000000.0,0.0,0.00062
1,Random Forest,0.014,0.45,0.514,0.00026
2,Neural Network,0.015,0.728,-1.29,0.00123
